Identyfikator,Temat,Status,Projekt,Priorytet,Plik 1,Plik 2,Pliki inne,Data zgłoszenia
0004961,brak współpracy z serwerem licencji i hasp dla wersji 64 bit,zwrócony,szafy wnękowe,wysoki,szaf.exe 5.0.0.1 ,szaf.exe 5.0.0.2,,2022-11-30
0006254,Eksport projektów - nie można anulować,zwrócony,manager,normalny,manager.dll 8.0.6.8,,,2023-07-12
0007173,Rozjechanie się skali po zmianie nazwy producenta,zawieszony,konwerter,normalny,konwerter3d.dll 4.0.6.12,,,2024-03-11
0007174,"Błąd w pogdlądzie po przeskalowaniu i przeklikiwaniu się z zakładki ""Typ"" na ""Producent""",zawieszony,konwerter,normalny,konwerter3d.dll 4.0.6.12,,,2024-03-11
0007424,"Sfery z bazy GAM STUDIO ULTRA PACK powodują duże ""oddalenie"" projektu w dokumentacji",rozwiązany,dokumentacja,pilny,kafle.dll 4.0.7.13,kafle.dll 4.0.8.11,,2024-05-14
0007402,Brak możliwości skopiowania strony rysunek techniczny na konkretnym projekcie klienta,zawieszony,dokumentacja,pilny,kafle.dll 4.0.7.11,,,2024-05-09
0007210,Błędnie wyświetlane kontrolki do przeciągania elementów świateł na drzewku dla skali DPI 125% i wyższych,zwrócony,wizualizacja,normalny,kafle.dll 4.0.6.57,,,2024-03-19
0007037,Skalowanie bloku obróconego o kąt inny niż 90 stopni nie działa prawidłowo,zwrócony,wizualizacja,normalny,kafle.dll 4.0.6.55 [21.03.2024 11:25],kafle.dll 4.0.6.58,,2024-02-06
0007169,Próba skalowania szafki wstawionej pod kątem innym niż 90 stopni powoduje dziwne zachowanie i np. skurczenie sie szafki,zwrócony,wstawianie szafek kuchennych,wysoki,kafle.dll 4.0.6.55 [21.03.2024 11:25],kafle.dll 4.0.6.58,,2024-03-11
0007020,Nie widać na rzucie dokumentacji ościeżnic wstawionych bez drzwi,zwrócony,bazy danych,normalny,kafle.dll 4.0.6.41,kafle.dll 4.0.6.42,DoorsWindows.dll 4.0.6.27,2024-01-26
0006903,Aktualizator zawiesza się na pobieraniu dot4cada,zawieszony,aktualizator internetowy,wysoki,iUPDATEx64.exe 9.1.0.4,,,2023-12-15
0006747,Nieaktywna lista baz do pobrania przez aktualizator internetowy,zwrócony,aktualizator internetowy,pilny,IUPDATEx64.exe 9.0.0.46,,,2023-11-08
0007418,"Po przełączeniu się na zakładkę ""Okna"" zostaje podgląd drzwi + nieoczekiwany błąd",zwrócony,drzwi i okna,wysoki,DoorsWindows.dll 4.0.7.9,,,2024-05-13
0007302,Zmiany w module przy dodawaniu obsługi zapisywania bazy użytkownika do designera,rozwiązany,drzwi i okna,normalny,DoorsWindows.dll 4.0.7.1,DoorsWindows.dll 4.0.7.5,DoorsWindows.dll 4.0.7.2001,2024-04-11
0007249,Okna narożne i kolankowe - głębokość parapetu ulega zmianie przy edycji,zwrócony,drzwi i okna,wysoki,DoorsWindows.dll 4.0.6.58,,,2024-03-28
0007264,Brak skalowania ikon w interfejsie przy wysokiej rozdzielczości ekranu i wysokim dpi,zwrócony,manager,wysoki,dodatki.dll 4.0.7.8002,manager.dll 8.0.6.8001,"ukrywacz.dll 4.0.6.8001, listwy.dll 4.0.6.8001, szafki_nowe.dll 4.0.6.8001, CADDecor.exe 4.0.6.8001, CADDecorPro.exe 4.0.6.8001, CADKuchnie.exe 8.0.6.8001, agd.dll 4.0.6.8002, wycena.dll 4.0.6.8001,",2024-04-03
0006908,Długi czas przełączania się między elementami na liście,zawieszony,wstawianie elementów wnętrzarskich,normalny,dodatki.dll 4.0.6.4,konwerter3d.dll 4.0.6.5,,2023-12-18
0006595,Program nie odświeża listy projektów,zwrócony,CAD Rozkrój,normalny,CADRozkroj4.exe 4.1.12.3,,,2023-09-13
0006863,CR wiesza się na wydruku etykiet poprzedzonym wydrukiem listy formatek,rozwiązany,CAD Rozkrój,pilny,CADRozkroj4.exe 4.1.11.2,,,2023-12-05
0006258,Różnice w kolorystyce blatów po ich skopiowaniu,zwrócony,blaty,normalny,blaty.dll 4.0.6.4,blaty.dll 4.0.6.5,,2023-07-12
0007081,Jeśli zmienimy agd w wstawionej szafce a następnie zedytujemy którykolwiek wymiar szafki - wraca sprzęt agd sprzed zmiany.,zwrócony,wstawianie szafek kuchennych,wysoki,,,,2024-02-15
